{
  "$id": "5",
  "AutoRefresh": true,
  "AutoRefreshRemotes": true,
  "CommitTextLinks": null,
  "DraftCommitMsg": "",
  "IncomingSavedCount": 0,
  "LastCheckedRemotes": "2023-01-15T09:55:36.7961625+08:00",
  "LastUsedView": 1,
  "LogBranchFilterIndex": 0,
  "OutgoingSavedCount": 0,
  "SidebarExpandedItems": [
    "分支"
  ],
  "SidebarWidth": 210.0,
  "SubtreeLinks": [],
  "NeedsLargeFilesPull": false,
  "RemoteProjectLinks": [
    {
      "$id": "6",
      "BaseUrl": "https://www.github.com",
      "Identifier": "njit-77/log",
      "RemoteName": "origin",
      "Type": 0,
      "Username": "512424964@qq.com",
      "CloneUrl": null,
      "ProjectUrl": null,
      "AccountId": "",
      "AvatarUrl": null,
      "DisplayName": "origin: https://www.github.com"
    }
  ]
}